AS Number,IP Address,City,Country Code,Latitude,Longitude
59193,103.232.241.2,Champapet,IN,17.3438,78.5173
55836,115.247.100.29,,IN,20,77
2497,202.232.1.69,,JP,35.69,139.69
2497,58.138.80.209,,JP,35.69,139.69
2497,58.138.80.185,,JP,35.69,139.69
2497,58.138.88.58,,JP,35.69,139.69
2497,58.138.106.162,,JP,35.69,139.69
2497,210.138.32.46,,JP,35.69,139.69
9371,219.94.128.141,Osaka,JP,34.6864,135.52
2914,129.250.3.47,,US,37.751,-97.822
2914,129.250.4.194,,US,37.751,-97.822
2914,129.250.6.16,,US,37.751,-97.822
2914,129.250.6.177,,US,37.751,-97.822
2914,129.250.3.83,,US,37.751,-97.822
2914,129.250.2.40,,US,37.751,-97.822
2914,61.120.147.26,,JP,35.69,139.69
9498,182.79.27.25,,IN,20,77
9498,116.119.119.206,,IN,20,77
6453,116.0.67.37,Central,HK,22.2833,114.15
6453,180.87.112.150,Central,HK,22.2833,114.15
2497,58.138.81.137,,JP,35.69,139.69
174,130.117.48.145,,,47,8
174,154.54.60.13,,US,37.751,-97.822
174,154.54.58.186,,US,37.751,-97.822
6830,213.46.174.45,,NL,52.3824,4.8995
6830,84.116.135.42,,,47,8
5089,62.253.174.114,,GB,51.4964,-0.1224
5089,62.254.85.22,Hackney,GB,51.546,-0.0758
5089,213.105.9.24,Stockbridge,GB,51.0802,-1.4604
2914,129.250.2.151,,US,37.751,-97.822
6830,213.46.174.97,,NL,52.3824,4.8995
6830,84.116.134.197,,,47,8
6830,84.116.135.50,,,47,8
5089,62.253.174.98,,GB,51.4964,-0.1224
9498,116.119.68.223,,IN,20,77
1299,62.115.142.128,,,47,8
1299,62.115.137.36,,,47,8
6453,116.0.79.129,,SG,1.3667,103.8
6453,180.87.181.92,,IN,20,77
6453,180.87.181.73,,IN,20,77
6453,180.87.180.1,,IN,20,77
6453,180.87.181.27,,IN,20,77
6453,120.29.211.2,,JP,35.69,139.69
6453,209.58.86.144,,US,37.751,-97.822
6453,63.243.205.72,,US,37.751,-97.822
6453,63.243.128.30,,US,37.751,-97.822
6453,63.243.205.187,,US,37.751,-97.822
6453,63.243.128.18,,US,37.751,-97.822
6453,63.243.216.23,,US,37.751,-97.822
55824,180.149.48.18,,IN,20,77
55824,180.149.48.2,,IN,20,77
55824,180.149.48.29,,IN,20,77
20965,62.40.125.214,,GB,51.4964,-0.1224
20965,62.40.98.239,,GB,51.4964,-0.1224
20965,62.40.98.106,Lisbon,PT,38.7167,-9.1333
20965,62.40.98.64,,GB,51.4964,-0.1224
20965,62.40.124.198,,GB,51.4964,-0.1224
786,146.97.33.18,,GB,51.4964,-0.1224
786,146.97.35.246,,GB,51.4964,-0.1224
786,146.97.41.38,,GB,51.4964,-0.1224
786,131.111.6.182,Cambridge,GB,52.191,0.1249
786,193.60.88.6,Cambridge,GB,52.191,0.1249
786,128.232.128.6,Cambridge,GB,52.191,0.1249
786,128.232.128.10,Cambridge,GB,52.191,0.1249
786,128.232.132.8,Cambridge,GB,52.191,0.1249
2914,129.250.3.101,,US,37.751,-97.822
3356,4.68.111.113,,US,37.751,-97.822
3356,212.187.216.238,,GB,51.4964,-0.1224
786,146.97.35.193,,GB,51.4964,-0.1224
786,146.97.33.62,,GB,51.4964,-0.1224
786,146.97.33.29,,GB,51.4964,-0.1224
9498,125.18.92.93,,IN,20,77
6461,94.31.40.4,Hammersmith,GB,51.5,-0.2333
6461,64.125.27.14,,US,37.751,-97.822
6461,64.125.29.84,,US,37.751,-97.822
6461,64.125.22.65,,US,37.751,-97.822
786,146.97.35.169,,GB,51.4964,-0.1224
3356,4.69.217.18,,US,37.751,-97.822
3356,8.244.128.126,,US,37.751,-97.822
2519,163.139.130.222,,JP,35.69,139.69
2519,222.230.187.198,,JP,35.69,139.69
4694,202.218.128.200,Osaka,JP,34.7297,135.4705
2914,129.250.6.6,,US,37.751,-97.822
2914,129.250.6.237,,US,37.751,-97.822
2914,129.250.2.159,,US,37.751,-97.822
2914,168.143.229.22,,US,37.751,-97.822
2497,58.138.88.81,,JP,35.69,139.69
2497,58.138.101.34,,JP,35.69,139.69
2497,210.130.134.118,,JP,35.69,139.69
2519,163.139.130.218,,JP,35.69,139.69
9498,116.119.119.208,,IN,20,77
3356,4.68.70.113,,US,37.751,-97.822
3549,113.29.1.138,Chiyoda-ku,JP,35.6706,139.7583
2497,58.138.98.106,,JP,35.69,139.69
2497,58.138.80.234,,JP,35.69,139.69
2497,58.138.99.70,,JP,35.69,139.69
2497,58.138.81.173,,JP,35.69,139.69
2497,58.138.101.38,,JP,35.69,139.69
20860,130.180.202.49,,GB,51.4964,-0.1224
20860,130.180.202.57,,GB,51.4964,-0.1224
35425,91.223.58.33,,GB,51.4964,-0.1224
35425,5.28.62.178,,GB,51.4964,-0.1224
6461,64.125.14.105,,US,37.751,-97.822
6461,64.125.28.3,,US,37.751,-97.822
20860,62.128.218.1,,GB,51.4964,-0.1224
9498,116.119.119.186,,IN,20,77
6453,209.58.86.200,,US,37.751,-97.822
6453,209.58.86.37,,US,37.751,-97.822
6453,63.243.205.130,,US,37.751,-97.822
174,154.54.12.141,,US,37.751,-97.822
174,154.54.43.9,,US,37.751,-97.822
174,154.54.44.142,,US,37.751,-97.822
174,154.54.41.146,,US,37.751,-97.822
174,154.54.5.90,,US,37.751,-97.822
174,154.54.44.170,,US,37.751,-97.822
174,154.54.42.166,,US,37.751,-97.822
174,154.54.7.130,,US,37.751,-97.822
174,154.54.29.174,,US,37.751,-97.822
174,154.54.0.222,,US,37.751,-97.822
174,66.28.4.238,Washington,US,38.9014,-77.0504
174,154.54.82.33,,US,37.751,-97.822
174,154.54.82.37,,US,37.751,-97.822
174,149.11.143.66,Camden,GB,51.5232,-0.1578
64049,49.45.4.82,,IN,20,77
3356,4.68.73.145,,US,37.751,-97.822
2519,222.230.187.206,,JP,35.69,139.69
131965,103.3.0.5,,JP,35.69,139.69
131965,103.3.0.23,,JP,35.69,139.69
131965,103.3.0.35,,JP,35.69,139.69
131965,120.136.14.37,Osaka,JP,34.6864,135.52
174,130.117.254.73,,,47,8
174,130.117.49.78,,,47,8
174,154.54.72.110,,US,37.751,-97.822
174,154.54.6.26,,US,37.751,-97.822
174,154.54.89.201,,US,37.751,-97.822
174,154.54.89.197,,US,37.751,-97.822
174,154.18.0.2,,US,37.751,-97.822
9498,116.119.57.158,,IN,20,77
131965,103.3.0.33,,JP,35.69,139.69
2497,58.138.106.154,,JP,35.69,139.69
2497,58.138.106.186,,JP,35.69,139.69
2497,210.130.133.166,,JP,35.69,139.69
2519,163.139.136.67,,JP,35.69,139.69
2519,163.139.136.69,,JP,35.69,139.69
2519,222.230.187.150,,JP,35.69,139.69
55824,180.149.48.13,,IN,20,77
11537,163.253.1.41,,US,37.751,-97.822
11537,163.253.1.241,,US,37.751,-97.822
14877,162.223.17.79,,US,37.751,-97.822
9,128.2.0.181,Pittsburgh,US,40.444,-79.9552
9,128.2.0.210,Pittsburgh,US,40.444,-79.9552
9,128.2.42.52,Pittsburgh,US,40.444,-79.9552
2914,129.250.2.107,,US,37.751,-97.822
174,154.54.38.65,,US,37.751,-97.822
174,154.54.57.69,,US,37.751,-97.822
174,154.54.82.38,,US,37.751,-97.822
174,66.28.4.237,Washington,US,38.9014,-77.0504
174,154.54.26.129,,US,37.751,-97.822
174,154.54.83.118,,US,37.751,-97.822
174,154.24.79.74,,US,37.751,-97.822
174,38.140.44.154,Pittsburgh,US,40.4423,-79.983
9,128.2.255.177,Pittsburgh,US,40.444,-79.9552
9,128.2.255.202,Pittsburgh,US,40.444,-79.9552
9,128.2.42.10,Pittsburgh,US,40.444,-79.9552
9498,116.119.57.43,,IN,20,77
2381,216.56.50.86,Waukesha,US,42.9516,-88.2963
None,100.121.0.33,Not found,Not found,Not found,Not found
9,128.2.255.181,Pittsburgh,US,40.444,-79.9552
6453,180.87.181.207,,IN,20,77
6453,180.87.3.131,,IN,20,77
6453,64.86.252.66,,US,37.751,-97.822
2828,66.3.25.94,Cleveland,US,41.4735,-81.7398
9,128.2.255.210,Pittsburgh,US,40.444,-79.9552
13335,162.158.226.122,,US,37.751,-97.822
13335,172.70.216.5,,US,37.751,-97.822
13335,162.159.136.232,Not found,Not found,Not found,Not found
2914,129.250.4.145,,US,37.751,-97.822
2914,185.84.18.174,Paris,FR,48.8628,2.3292
13335,141.101.67.52,Paris,FR,48.8628,2.3292
13335,172.71.120.2,,US,37.751,-97.822
9498,116.119.50.160,,IN,20,77
9498,182.79.161.171,,IN,20,77
13335,162.158.52.19,Chennai,IN,13.0833,80.2833
13335,162.159.128.233,Not found,Not found,Not found,Not found
6453,116.0.93.138,,SG,1.3667,103.8
6453,116.0.93.144,,SG,1.3667,103.8
6453,180.87.37.64,,IN,20,77
6453,180.87.37.54,,IN,20,77
4755,115.112.8.94,,IN,20,77
13335,162.159.135.232,Not found,Not found,Not found,Not found
2914,128.241.7.158,Sherman Oaks,US,34.1514,-118.4603
2914,129.250.3.16,,US,37.751,-97.822
2914,129.250.6.116,,US,37.751,-97.822
2914,129.250.3.244,,US,37.751,-97.822
2914,165.254.239.30,Santa Monica,US,34.0268,-118.4733
22414,208.82.237.129,,US,37.751,-97.822
2914,129.250.2.37,,US,37.751,-97.822
2914,129.250.3.242,,US,37.751,-97.822
2914,168.143.191.228,,US,37.751,-97.822
2914,129.250.5.65,,US,37.751,-97.822
2914,129.250.3.188,,US,37.751,-97.822
6453,64.86.252.32,,US,37.751,-97.822
6453,66.110.59.1,,US,37.751,-97.822
7922,96.110.33.1,,US,37.751,-97.822
7922,96.110.33.9,,US,37.751,-97.822
7922,96.110.33.5,,US,37.751,-97.822
7922,96.110.45.190,,US,37.751,-97.822
7922,96.110.45.174,,US,37.751,-97.822
7922,96.110.37.189,,US,37.751,-97.822
7922,96.110.46.137,,US,37.751,-97.822
7922,96.110.46.153,,US,37.751,-97.822
7922,96.110.46.105,,US,37.751,-97.822
7922,96.110.46.118,,US,37.751,-97.822
7922,96.110.39.209,,US,37.751,-97.822
7922,96.110.34.253,,US,37.751,-97.822
7922,96.110.34.241,,US,37.751,-97.822
7922,96.110.34.226,,US,37.751,-97.822
7922,96.110.39.222,,US,37.751,-97.822
7922,96.110.39.170,,US,37.751,-97.822
7922,96.110.39.46,,US,37.751,-97.822
7922,96.110.34.173,,US,37.751,-97.822
7922,96.110.34.161,,US,37.751,-97.822
7922,96.110.34.206,,US,37.751,-97.822
7922,96.110.34.194,,US,37.751,-97.822
7922,96.110.32.77,,US,37.751,-97.822
7922,68.86.84.25,,US,37.751,-97.822
7922,68.86.84.17,,US,37.751,-97.822
7922,96.110.40.18,,US,37.751,-97.822
7922,96.110.235.18,,US,37.751,-97.822
7922,68.85.61.202,,US,37.751,-97.822
7922,96.108.111.5,,US,37.751,-97.822
7922,50.203.200.110,Hayward,US,37.674,-122.0894
55824,180.149.48.6,,IN,20,77
55824,180.149.48.20,,IN,20,77
14,128.59.255.5,New York,US,40.7975,-73.9683
14,128.59.255.21,New York,US,40.7975,-73.9683
14,128.59.105.24,New York,US,40.7975,-73.9683
2914,129.250.3.7,,US,37.751,-97.822
2914,129.250.2.179,,US,37.751,-97.822
174,154.54.38.157,,US,37.751,-97.822
174,154.54.27.169,,US,37.751,-97.822
174,154.54.84.214,,US,37.751,-97.822
174,38.122.8.210,New York,US,40.7339,-74.0054
9498,182.79.201.106,,IN,20,77
174,154.54.25.149,,US,37.751,-97.822
174,154.54.45.161,,US,37.751,-97.822
174,154.54.26.54,,US,37.751,-97.822
174,154.54.2.5,,US,37.751,-97.822
174,154.54.28.129,,US,37.751,-97.822
174,154.54.24.221,,US,37.751,-97.822
174,154.54.40.109,,US,37.751,-97.822
6453,180.87.181.25,,IN,20,77
6453,120.29.217.67,,IN,20,77
174,154.54.43.13,,US,37.751,-97.822
174,154.54.42.98,,US,37.751,-97.822
174,154.54.31.90,,US,37.751,-97.822
174,154.54.82.246,,US,37.751,-97.822
36236,199.38.181.1,New York,US,40.7313,-73.9892
2914,129.250.3.50,,US,37.751,-97.822
2914,129.250.3.61,,US,37.751,-97.822
3257,89.149.181.186,,IE,53.3472,-6.2439
3257,173.241.130.198,Somerville,US,42.4003,-71.1221
6830,84.116.133.98,,,47,8
6830,84.116.130.242,,,47,8
5089,62.253.174.78,,GB,51.4964,-0.1224
5089,62.254.85.18,Hackney,GB,51.546,-0.0758
3356,4.68.75.77,,US,37.751,-97.822
3356,4.69.143.198,,US,37.751,-97.822
174,154.54.81.201,,US,37.751,-97.822
174,154.54.80.1,,US,37.751,-97.822
174,154.54.82.245,,US,37.751,-97.822
174,154.54.7.129,,US,37.751,-97.822
174,154.54.44.169,,US,37.751,-97.822
174,154.54.31.89,,US,37.751,-97.822
174,154.54.42.97,,US,37.751,-97.822
174,154.54.44.141,,US,37.751,-97.822
174,154.54.43.14,,US,37.751,-97.822
174,154.54.86.138,,US,37.751,-97.822
174,154.54.42.86,,US,37.751,-97.822
2914,129.250.4.143,,US,37.751,-97.822
2914,129.250.5.7,,US,37.751,-97.822
2914,120.88.53.30,Tokyo,JP,35.685,139.7514
4713,122.1.245.70,,JP,35.69,139.69
4713,210.232.233.254,,JP,35.69,139.69
131965,103.3.0.3,,JP,35.69,139.69
131965,103.3.0.21,,JP,35.69,139.69
11537,163.253.2.150,,US,37.751,-97.822
11164,198.71.47.209,,US,37.751,-97.822
13335,172.70.112.4,,US,37.751,-97.822
2914,129.250.3.129,,US,37.751,-97.822
